apo_name,true_label,predicted_label,diff
1KXY_A_1,1.2234946,1.420568,0.19707340000000007
1FN5_A_1,1.2129211,1.2305255,0.017604399999999965
